year,growing_season_solar_kwh_m2,growing_season_rainfall_mm,wheat_area_ha,wheat_production_t,wheat_yield_kg_ha
1991,15.756980132450332,27711.529927,3502000.0,3057000.0,2097.1
1992,14.62981220657277,30559.4971847,3648000.0,4137400.0,2687.0
1993,14.285094339622642,28024.360447,3554011.0,5179843.0,3334.3999999999996
1994,15.023150943396228,25651.1975644,3447409.0,5184725.0,3166.1000000000004
1995,14.497783018867924,26002.7883345,3606861.0,5889286.0,3414.2
1996,14.429971830985915,28022.5563249,3168999.0,5733375.0,3586.6
1997,14.750839622641507,25780.8480813,3332992.0,4013744.0,2346.4
1998,14.833141509433963,26456.7381852,3264031.0,4980473.0,2951.7
1999,15.340188679245282,24217.6468468,3017247.0,3117040.0,1979.9
2000,15.449530516431926,22251.0544368,2995690.0,3317394.0,2010.7
2001,14.836245283018869,25754.4221129,2986540.0,4940179.0,2967.9
2002,14.957783018867925,31532.9178058,2913360.0,5694954.0,3588.7
2003,14.26172641509434,38797.1899157,3049600.0,5992053.0,3596.3
2004,14.758779342723006,30901.9287209,3121796.0,5064652.0,2886.3
2005,15.010698113207548,27428.1537225,3231030.0,5436166.0,3030.5
2006,14.689518867924528,26643.5319299,3094000.0,6134400.0,3679.9
2007,14.685622641509434,24495.7655731,3030500.0,4825579.0,2998.8
2008,15.543389671361501,20885.244993199998,2919100.0,2400400.0,1621.9
2009,14.77448113207547,25511.0281112,2727607.0,4547453.0,3230.8
2010,14.45317924528302,29520.7280637,3125700.0,3762900.0,2373.3
2011,14.842764150943395,29314.5947121,2813673.0,4525095.0,3052.3999999999996
2012,14.827239436619717,29920.8840858,2735689.0,4337147.0,2894.3999999999996
2013,14.541820754716984,33637.9764358,2636955.0,4093031.0,3037.1000000000004
2014,15.309094339622641,19519.6950666,2508445.0,2624436.08,2063.5
2015,14.819283018867925,27229.2335954,2265151.0,4292039.0,3779.9
2016,15.533464788732394,20421.6474614,2381845.0,2581068.0,2197.0
2017,15.309169811320753,22786.2817313,2350904.0,2840794.33,2420.2
2018,14.594783018867924,30166.5261973,2284052.0,1631097.83,1458.7
2019,14.087179245283016,40116.0679325,2826493.0,6138220.92,4354.4
2020,14.634638497652583,29160.4209084,2853464.0,5094263.0600000005,3603.3999999999996
2021,15.782896226415096,24498.8044414,3007306.0,2204132.03,1420.6000000000001
2022,14.750537735849056,26046.1530933,2299009.0,1730147.0,1470.4
2023,14.693830188679247,24034.660326,2602234.0,4306750.0,3274.5
2024,14.725211267605635,29140.6060208,2635335.0,4003245.0,3061.5
